-- Criação da tabela de Cadastros com ID automático
CREATE TABLE Cadastros (
    id INT AUTO_INCREMENT PRIMARY KEY,
    nome VARCHAR(50),
    sobrenome VARCHAR(50),
    senha VARCHAR(255)
);

-- Inserir 200 registros de nomes, sobrenomes e senhas
INSERT INTO Cadastros (nome, sobrenome, senha) VALUES
('João', 'Silva', 'senha001'),
('Maria', 'Souza', 'senha002'),
('Carlos', 'Pereira', 'senha003'),
('Ana', 'Santos', 'senha004'),
('Pedro', 'Oliveira', 'senha005'),
('Fernanda', 'Lima', 'senha006'),
('Paulo', 'Mendes', 'senha007'),
('Luiza', 'Nascimento', 'senha008'),
('Rafael', 'Rodrigues', 'senha009'),
('Camila', 'Martins', 'senha010'),
('Bruno', 'Barbosa', 'senha011'),
('Larissa', 'Fernandes', 'senha012'),
('Thiago', 'Costa', 'senha013'),
('Juliana', 'Gomes', 'senha014'),
('Ricardo', 'Carvalho', 'senha015'),
('Renata', 'Azevedo', 'senha016'),
('Marcos', 'Freitas', 'senha017'),
('Clara', 'Moreira', 'senha018'),
('Vinícius', 'Vieira', 'senha019'),
('Isabela', 'Ramos', 'senha020'),
('Fábio', 'Almeida', 'senha021'),
('Tatiana', 'Teixeira', 'senha022'),
('André', 'Rocha', 'senha023'),
('Patrícia', 'Cunha', 'senha024'),
('Gustavo', 'Moura', 'senha025'),
('Vanessa', 'Silveira', 'senha026'),
('Leandro', 'Ribeiro', 'senha027'),
('Bianca', 'Guimarães', 'senha028'),
('Felipe', 'Araújo', 'senha029'),
('Débora', 'Pinto', 'senha030'),
('Antônio', 'Neto', 'senha031'),
('Carla', 'Silva', 'senha032'),
('José', 'Costa', 'senha033'),
('Miguel', 'Fernandes', 'senha034'),
('Mariana', 'Freitas', 'senha035'),
('Gabriel', 'Mendes', 'senha036'),
('Rosa', 'Lima', 'senha037'),
('Lucas', 'Gomes', 'senha038'),
('Elaine', 'Alves', 'senha039'),
('Roberto', 'Barbosa', 'senha040'),
('Viviane', 'Rodrigues', 'senha041'),
('Daniel', 'Santos', 'senha042'),
('Tatiane', 'Oliveira', 'senha043'),
('Sérgio', 'Pereira', 'senha044'),
('Adriana', 'Teixeira', 'senha045'),
('Bruna', 'Vieira', 'senha046'),
('Caio', 'Silva', 'senha047'),
('Denise', 'Lima', 'senha048'),
('Eduardo', 'Mendes', 'senha049'),
('Felícia', 'Costa', 'senha050'),
('Guilherme', 'Carvalho', 'senha051'),
('Helena', 'Souza', 'senha052'),
('Igor', 'Barros', 'senha053'),
('Júlia', 'Freitas', 'senha054'),
('Karen', 'Rocha', 'senha055'),
('Leonardo', 'Santos', 'senha056'),
('Marcos', 'Oliveira', 'senha057'),
('Nádia', 'Pinto', 'senha058'),
('Otávio', 'Martins', 'senha059'),
('Paula', 'Cunha', 'senha060'),
('Renato', 'Silva', 'senha061'),
('Sandra', 'Costa', 'senha062'),
('Tiago', 'Freitas', 'senha063'),
('Ulisses', 'Barbosa', 'senha064'),
('Vitor', 'Pereira', 'senha065'),
('Xavier', 'Nascimento', 'senha066'),
('Yasmin', 'Lima', 'senha067'),
('Zeca', 'Rodrigues', 'senha068'),
('Aline', 'Moraes', 'senha069'),
('Breno', 'Souza', 'senha070'),
('Cássia', 'Teixeira', 'senha071'),
('David', 'Barbosa', 'senha072'),
('Eduarda', 'Alves', 'senha073'),
('Fernanda', 'Nascimento', 'senha074'),
('Giovana', 'Oliveira', 'senha075'),
('Henrique', 'Pinto', 'senha076'),
('Iara', 'Gomes', 'senha077'),
('João', 'Costa', 'senha078'),
('Kleber', 'Freitas', 'senha079'),
('Lara', 'Mendes', 'senha080'),
('Maurício', 'Vieira', 'senha081'),
('Nathalia', 'Rodrigues', 'senha082'),
('Otávio', 'Santos', 'senha083'),
('Paulo', 'Lima', 'senha084'),
('Quênia', 'Rocha', 'senha085'),
('Rafael', 'Nascimento', 'senha086'),
('Sílvia', 'Barros', 'senha087'),
('Túlio', 'Pereira', 'senha088'),
('Ursula', 'Freitas', 'senha089'),
('Vera', 'Mendes', 'senha090'),
('Wagner', 'Oliveira', 'senha091'),
('Xênia', 'Rodrigues', 'senha092'),
('Yuri', 'Almeida', 'senha093'),
('Zara', 'Costa', 'senha094'),
('Alan', 'Pinto', 'senha095'),
('Beatriz', 'Gomes', 'senha096'),
('Carlos', 'Freitas', 'senha097'),
('Daniela', 'Nascimento', 'senha098'),
('Eduardo', 'Barros', 'senha099'),
('Felipe', 'Pereira', 'senha100'),
('Gabriela', 'Oliveira', 'senha101'),
('Henrique', 'Costa', 'senha102'),
('Isabel', 'Vieira', 'senha103'),
('Juliana', 'Freitas', 'senha104'),
('Kevin', 'Mendes', 'senha105'),
('Laura', 'Pereira', 'senha106'),
('Marcelo', 'Oliveira', 'senha107'),
('Nicole', 'Alves', 'senha108'),
('Otávio', 'Gomes', 'senha109'),
('Paula', 'Nascimento', 'senha110'),
('Quênia', 'Pereira', 'senha111'),
('Rafael', 'Barros', 'senha112'),
('Silvia', 'Oliveira', 'senha113'),
('Tiago', 'Lima', 'senha114'),
('Ursula', 'Gomes', 'senha115'),
('Valéria', 'Santos', 'senha116'),
('Wesley', 'Rodrigues', 'senha117'),
('Xavier', 'Moura', 'senha118'),
('Yara', 'Lima', 'senha119'),
('Zeca', 'Barros', 'senha120'),
('Aline', 'Pereira', 'senha121'),
('Breno', 'Freitas', 'senha122'),
('Carlos', 'Gomes', 'senha123'),
('Daniel', 'Oliveira', 'senha124'),
('Eduardo', 'Nascimento', 'senha125'),
('Fernanda', 'Barros', 'senha126'),
('Giovanni', 'Pereira', 'senha127'),
('Helena', 'Vieira', 'senha128'),
('Igor', 'Gomes', 'senha129'),
('Juliana', 'Moura', 'senha130'),
('Karina', 'Lima', 'senha131'),
('Leonardo', 'Freitas', 'senha132'),
('Marta', 'Pereira', 'senha133'),
('Natan', 'Gomes', 'senha134'),
('Otávio', 'Rodrigues', 'senha135'),
('Paulo', 'Nascimento', 'senha136'),
('Quênia', 'Vieira', 'senha137'),
('Rafael', 'Gomes', 'senha138'),
('Silvia', 'Pereira', 'senha139'),
('Tiago', 'Moura', 'senha140'),
('Ursula', 'Nascimento', 'senha141'),
('Vitor', 'Rodrigues', 'senha142'),
('Wesley', 'Pereira', 'senha143'),
('Xênia', 'Mendes', 'senha144'),
('Yuri', 'Vieira', 'senha145'),
('Zara', 'Freitas', 'senha146'),
('Alan', 'Barros', 'senha147'),
('Beatriz', 'Moura', 'senha148'),
('Carlos', 'Pinto', 'senha149'),
('Daniela', 'Lima', 'senha150'),
('Eduarda', 'Oliveira', 'senha151'),
('Felipe', 'Rodrigues', 'senha152'),
('Gabriela', 'Freitas', 'senha153'),
('Henrique', 'Gomes', 'senha154'),
('Isabel', 'Pereira', 'senha155'),
('Juliano', 'Nascimento', 'senha156'),
('Karina', 'Rodrigues', 'senha157'),
('Leonardo', 'Vieira', 'senha158'),
('Marta', 'Moura', 'senha159'),
('Natan', 'Barros', 'senha160'),
('Otávio', 'Pereira', 'senha161'),
('Paulo', 'Freitas', 'senha162'),
('Quênia', 'Gomes', 'senha163'),
('Rafael', 'Mendes', 'senha164'),
('Silvia', 'Nascimento', 'senha165'),
('Tiago', 'Pinto', 'senha166'),
('Ursula', 'Barros', 'senha167'),
('Valéria', 'Vieira', 'senha168'),
('Wesley', 'Gomes', 'senha169'),
('Xênia', 'Rodrigues', 'senha170'),
('Yuri', 'Freitas', 'senha171'),
('Zara', 'Moura', 'senha172'),
('Alan', 'Pereira', 'senha173'),
('Beatriz', 'Nascimento', 'senha174'),
('Carlos', 'Lima', 'senha175'),
('Daniel', 'Rodrigues', 'senha176'),
('Eduarda', 'Freitas', 'senha177'),
('Felipe', 'Moura', 'senha178'),
('Gabriela', 'Vieira', 'senha179'),
('Henrique', 'Pinto', 'senha180'),
('Isabel', 'Rodrigues', 'senha181'),
('Juliana', 'Gomes', 'senha182'),
('Karina', 'Freitas', 'senha183'),
('Leonardo', 'Moura', 'senha184'),
('Marta', 'Rodrigues', 'senha185'),
('Natan', 'Nascimento', 'senha186'),
('Otávio', 'Pinto', 'senha187'),
('Paulo', 'Rodrigues', 'senha188'),
('Quênia', 'Moura', 'senha189'),
('Rafael', 'Freitas', 'senha190'),
('Silvia', 'Gomes', 'senha191'),
('Tiago', 'Nascimento', 'senha192'),
('Ursula', 'Rodrigues', 'senha193'),
('Valéria', 'Freitas', 'senha194'),
('Wesley', 'Moura', 'senha195'),
('Xênia', 'Nascimento', 'senha196'),
('Yuri', 'Gomes', 'senha197'),
('Zara', 'Rodrigues', 'senha198'),
('Alan', 'Freitas', 'senha199'),
('Beatriz', 'Moura', 'senha200');

-- Criação da tabela Doenças
CREATE TABLE Doencas (
    id INT AUTO_INCREMENT PRIMARY KEY,
    nome_doenca VARCHAR(50)
);

-- Inserir 5 doenças
INSERT INTO Doencas (nome_doenca) VALUES
('Gripe'),
('Diabetes'),
('Hipertensão'),
('Covid-19'),
('Asma');

-- Criação da tabela Data de Login
CREATE TABLE DataLogin (
    id INT AUTO_INCREMENT PRIMARY KEY,
    cadastro_id INT, -- Chave estrangeira referenciando a tabela Cadastros
    data_login DATE,
    FOREIGN KEY (cadastro_id) REFERENCES Cadastros(id) ON DELETE CASCADE
);

-- Inserir 200 datas de login
INSERT INTO DataLogin (cadastro_id, data_login) VALUES
(1, '2023-01-01'),
(2, '2023-01-02'),
(3, '2023-01-03'),
(4, '2023-01-04'),
(5, '2023-01-05'),
(6, '2023-01-06'),
(7, '2023-01-07'),
(8, '2023-01-08'),
(9, '2023-01-09'),
(10, '2023-01-10'),
(11, '2023-01-11'),
(12, '2023-01-12'),
(13, '2023-01-13'),
(14, '2023-01-14'),
(15, '2023-01-15'),
(16, '2023-01-16'),
(17, '2023-01-17'),
(18, '2023-01-18'),
(19, '2023-01-19'),
(20, '2023-01-20'),
(21, '2023-01-21'),
(22, '2023-01-22'),
(23, '2023-01-23'),
(24, '2023-01-24'),
(25, '2023-01-25'),
(26, '2023-01-26'),
(27, '2023-01-27'),
(28, '2023-01-28'),
(29, '2023-01-29'),
(30, '2023-01-30'),
(31, '2023-01-31'),
(32, '2023-02-01'),
(33, '2023-02-02'),
(34, '2023-02-03'),
(35, '2023-02-04'),
(36, '2023-02-05'),
(37, '2023-02-06'),
(38, '2023-02-07'),
(39, '2023-02-08'),
(40, '2023-02-09'),
(41, '2023-02-10'),
(42, '2023-02-11'),
(43, '2023-02-12'),
(44, '2023-02-13'),
(45, '2023-02-14'),
(46, '2023-02-15'),
(47, '2023-02-16'),
(48, '2023-02-17'),
(49, '2023-02-18'),
(50, '2023-02-19'),
(51, '2023-02-20'),
(52, '2023-02-21'),
(53, '2023-02-22'),
(54, '2023-02-23'),
(55, '2023-02-24'),
(56, '2023-02-25'),
(57, '2023-02-26'),
(58, '2023-02-27'),
(59, '2023-02-28'),
(60, '2023-03-01'),
(61, '2023-03-02'),
(62, '2023-03-03'),
(63, '2023-03-04'),
(64, '2023-03-05'),
(65, '2023-03-06'),
(66, '2023-03-07'),
(67, '2023-03-08'),
(68, '2023-03-09'),
(69, '2023-03-10'),
(70, '2023-03-11'),
(71, '2023-03-12'),
(72, '2023-03-13'),
(73, '2023-03-14'),
(74, '2023-03-15'),
(75, '2023-03-16'),
(76, '2023-03-17'),
(77, '2023-03-18'),
(78, '2023-03-19'),
(79, '2023-03-20'),
(80, '2023-03-21'),
(81, '2023-03-22'),
(82, '2023-03-23'),
(83, '2023-03-24'),
(84, '2023-03-25'),
(85, '2023-03-26'),
(86, '2023-03-27'),
(87, '2023-03-28'),
(88, '2023-03-29'),
(89, '2023-03-30'),
(90, '2023-03-31'),
(91, '2023-04-01'),
(92, '2023-04-02'),
(93, '2023-04-03'),
(94, '2023-04-04'),
(95, '2023-04-05'),
(96, '2023-04-06'),
(97, '2023-04-07'),
(98, '2023-04-08'),
(99, '2023-04-09'),
(100, '2023-04-10'),
(101, '2023-04-11'),
(102, '2023-04-12'),
(103, '2023-04-13'),
(104, '2023-04-14'),
(105, '2023-04-15'),
(106, '2023-04-16'),
(107, '2023-04-17'),
(108, '2023-04-18'),
(109, '2023-04-19'),
(110, '2023-04-20'),
(111, '2023-04-21'),
(112, '2023-04-22'),
(113, '2023-04-23'),
(114, '2023-04-24'),
(115, '2023-04-25'),
(116, '2023-04-26'),
(117, '2023-04-27'),
(118, '2023-04-28'),
(119, '2023-04-29'),
(120, '2023-04-30'),
(121, '2023-05-01'),
(122, '2023-05-02'),
(123, '2023-05-03'),
(124, '2023-05-04'),
(125, '2023-05-05'),
(126, '2023-05-06'),
(127, '2023-05-07'),
(128, '2023-05-08'),
(129, '2023-05-09'),
(130, '2023-05-10'),
(131, '2023-05-11'),
(132, '2023-05-12'),
(133, '2023-05-13'),
(134, '2023-05-14'),
(135, '2023-05-15'),
(136, '2023-05-16'),
(137, '2023-05-17'),
(138, '2023-05-18'),
(139, '2023-05-19'),
(140, '2023-05-20'),
(141, '2023-05-21'),
(142, '2023-05-22'),
(143, '2023-05-23'),
(144, '2023-05-24'),
(145, '2023-05-25'),
(146, '2023-05-26'),
(147, '2023-05-27'),
(148, '2023-05-28'),
(149, '2023-05-29'),
(150, '2023-05-30'),
(151, '2023-05-31'),
(152, '2023-06-01'),
(153, '2023-06-02'),
(154, '2023-06-03'),
(155, '2023-06-04'),
(156, '2023-06-05'),
(157, '2023-06-06'),
(158, '2023-06-07'),
(159, '2023-06-08'),
(160, '2023-06-09'),
(161, '2023-06-10'),
(162, '2023-06-11'),
(163, '2023-06-12'),
(164, '2023-06-13'),
(165, '2023-06-14'),
(166, '2023-06-15'),
(167, '2023-06-16'),
(168, '2023-06-17'),
(169, '2023-06-18'),
(170, '2023-06-19'),
(171, '2023-06-20'),
(172, '2023-06-21'),
(173, '2023-06-22'),
(174, '2023-06-23'),
(175, '2023-06-24'),
(176, '2023-06-25'),
(177, '2023-06-26'),
(178, '2023-06-27'),
(179, '2023-06-28'),
(180, '2023-06-29'),
(181, '2023-06-30'),
(182, '2023-07-01'),
(183, '2023-07-02'),
(184, '2023-07-03'),
(185, '2023-07-04'),
(186, '2023-07-05'),
(187, '2023-07-06'),
(188, '2023-07-07'),
(189, '2023-07-08'),
(190, '2023-07-09'),
(191, '2023-07-10'),
(192, '2023-07-11'),
(193, '2023-07-12'),
(194, '2023-07-13'),
(195, '2023-07-14'),
(196, '2023-07-15'),
(197, '2023-07-16'),
(198, '2023-07-17'),
(199, '2023-07-18'),
(200, '2023-07-19');

-- Criação da tabela GerenciarCadastros com chaves estrangeiras
CREATE TABLE GerenciarCadastros (
    id INT AUTO_INCREMENT PRIMARY KEY,
    cadastro_id INT,  -- Chave estrangeira referenciando a tabela Cadastros
    login_id INT,     -- Chave estrangeira referenciando a tabela DataLogin
    doenca_id INT,    -- Chave estrangeira referenciando a tabela Doenças
    FOREIGN KEY (cadastro_id) REFERENCES Cadastros(id) ON DELETE CASCADE,
    FOREIGN KEY (login_id) REFERENCES DataLogin(id) ON DELETE CASCADE,
    FOREIGN KEY (doenca_id) REFERENCES Doencas(id) ON DELETE SET NULL
);

-- Inserir os dados na tabela GerenciarCadastros
INSERT INTO GerenciarCadastros (cadastro_id, login_id, doenca_id) VALUES
(1, 1, 1),
(2, 2, 2),
(3, 3, 3),
(4, 4, 4),
(5, 5, 5),
(6, 6, 1),
(7, 7, 2),
(8, 8, 3),
(9, 9, 4),
(10, 10, 5),
(11, 11, 1),
(12, 12, 2),
(13, 13, 3),
(14, 14, 4),
(15, 15, 5),
(16, 16, 1),
(17, 17, 2),
(18, 18, 3),
(19, 19, 4),
(20, 20, 5),
(21, 21, 1),
(22, 22, 2),
(23, 23, 3),
(24, 24, 4),
(25, 25, 5),
(26, 26, 1),
(27, 27, 2),
(28, 28, 3),
(29, 29, 4),
(30, 30, 5),
(31, 31, 1),
(32, 32, 2),
(33, 33, 3),
(34, 34, 4),
(35, 35, 5),
(36, 36, 1),
(37, 37, 2),
(38, 38, 3),
(39, 39, 4),
(40, 40, 5),
(41, 41, 1),
(42, 42, 2),
(43, 43, 3),
(44, 44, 4),
(45, 45, 5),
(46, 46, 1),
(47, 47, 2),
(48, 48, 3),
(49, 49, 4),
(50, 50, 5),
(51, 51, 1),
(52, 52, 2),
(53, 53, 3),
(54, 54, 4),
(55, 55, 5),
(56, 56, 1),
(57, 57, 2),
(58, 58, 3),
(59, 59, 4),
(60, 60, 5),
(61, 61, 1),
(62, 62, 2),
(63, 63, 3),
(64, 64, 4),
(65, 65, 5),
(66, 66, 1),
(67, 67, 2),
(68, 68, 3),
(69, 69, 4),
(70, 70, 5),
(71, 71, 1),
(72, 72, 2),
(73, 73, 3),
(74, 74, 4),
(75, 75, 5),
(76, 76, 1),
(77, 77, 2),
(78, 78, 3),
(79, 79, 4),
(80, 80, 5),
(81, 81, 1),
(82, 82, 2),
(83, 83, 3),
(84, 84, 4),
(85, 85, 5),
(86, 86, 1),
(87, 87, 2),
(88, 88, 3),
(89, 89, 4),
(90, 90, 5),
(91, 91, 1),
(92, 92, 2),
(93, 93, 3),
(94, 94, 4),
(95, 95, 5),
(96, 96, 1),
(97, 97, 2),
(98, 98, 3),
(99, 99, 4),
(100, 100, 5),
(101, 101, 1),
(102, 102, 2),
(103, 103, 3),
(104, 104, 4),
(105, 105, 5),
(106, 106, 1),
(107, 107, 2),
(108, 108, 3),
(109, 109, 4),
(110, 110, 5),
(111, 111, 1),
(112, 112, 2),
(113, 113, 3),
(114, 114, 4),
(115, 115, 5),
(116, 116, 1),
(117, 117, 2),
(118, 118, 3),
(119, 119, 4),
(120, 120, 5),
(121, 121, 1),
(122, 122, 2),
(123, 123, 3),
(124, 124, 4),
(125, 125, 5),
(126, 126, 1),
(127, 127, 2),
(128, 128, 3),
(129, 129, 4),
(130, 130, 5),
(131, 131, 1),
(132, 132, 2),
(133, 133, 3),
(134, 134, 4),
(135, 135, 5),
(136, 136, 1),
(137, 137, 2),
(138, 138, 3),
(139, 139, 4),
(140, 140, 5),
(141, 141, 1),
(142, 142, 2),
(143, 143, 3),
(144, 144, 4),
(145, 145, 5),
(146, 146, 1),
(147, 147, 2),
(148, 148, 3),
(149, 149, 4),
(150, 150, 5),
(151, 151, 1),
(152, 152, 2),
(153, 153, 3),
(154, 154, 4),
(155, 155, 5),
(156, 156, 1),
(157, 157, 2),
(158, 158, 3),
(159, 159, 4),
(160, 160, 5),
(161, 161, 1),
(162, 162, 2),
(163, 163, 3),
(164, 164, 4),
(165, 165, 5),
(166, 166, 1),
(167, 167, 2),
(168, 168, 3),
(169, 169, 4),
(170, 170, 5),
(171, 171, 1),
(172, 172, 2),
(173, 173, 3),
(174, 174, 4),
(175, 175, 5),
(176, 176, 1),
(177, 177, 2),
(178, 178, 3),
(179, 179, 4),
(180, 180, 5),
(181, 181, 1),
(182, 182, 2),
(183, 183, 3),
(184, 184, 4),
(185, 185, 5),
(186, 186, 1),
(187, 187, 2),
(188, 188, 3),
(189, 189, 4),
(190, 190, 5),
(191, 191, 1),
(192, 192, 2),
(193, 193, 3),
(194, 194, 4),
(195, 195, 5),
(196, 196, 1),
(197, 197, 2),
(198, 198, 3),
(199, 199, 4),
(200, 200, 5);
